-- MySQL dump 10.13  Distrib 5.5.16, for osx10.6 (i386)
--
-- Host: localhost    Database: realband
-- ------------------------------------------------------
-- Server version	5.5.16

/*!40101 SET @OLD_CHARACTER_SET_CLIENT=@@CHARACTER_SET_CLIENT */;
/*!40101 SET @OLD_CHARACTER_SET_RESULTS=@@CHARACTER_SET_RESULTS */;
/*!40101 SET @OLD_COLLATION_CONNECTION=@@COLLATION_CONNECTION */;
/*!40101 SET NAMES utf8 */;
/*!40103 SET @OLD_TIME_ZONE=@@TIME_ZONE */;
/*!40103 SET TIME_ZONE='+00:00' */;
/*!40014 SET @OLD_UNIQUE_CHECKS=@@UNIQUE_CHECKS, UNIQUE_CHECKS=0 */;
/*!40014 SET @OLD_FOREIGN_KEY_CHECKS=@@FOREIGN_KEY_CHECKS, FOREIGN_KEY_CHECKS=0 */;
/*!40101 SET @OLD_SQL_MODE=@@SQL_MODE, SQL_MODE='NO_AUTO_VALUE_ON_ZERO' */;
/*!40111 SET @OLD_SQL_NOTES=@@SQL_NOTES, SQL_NOTES=0 */;

--
-- Table structure for table `HTML_BLOCK`
--

DROP TABLE IF EXISTS `HTML_BLOCK`;
/*!40101 SET @saved_cs_client     = @@character_set_client */;
/*!40101 SET character_set_client = utf8 */;
CREATE TABLE `HTML_BLOCK` (
  `STUDENT_ID` int(11) NOT NULL,
  `WEBSITE` varchar(254) NOT NULL,
  `CONTENT` text NOT NULL,
  `ROW` int(11) NOT NULL,
  `COL` int(11) NOT NULL,
  PRIMARY KEY (`STUDENT_ID`,`ROW`,`COL`)
) ENGINE=InnoDB DEFAULT CHARSET=latin1;
/*!40101 SET character_set_client = @saved_cs_client */;

--
-- Dumping data for table `HTML_BLOCK`
--

LOCK TABLES `HTML_BLOCK` WRITE;
/*!40000 ALTER TABLE `HTML_BLOCK` DISABLE KEYS */;
INSERT INTO `HTML_BLOCK` VALUES (1,'youtube','youtube.com/watch?v=0k3WYFP8YqQ',1,1),(1,'soundcloud','<iframe width=\"100%\" height=\"450\" scrolling=\"no\" frameborder=\"no\" src=\"https://w.soundcloud.com/player/?url=http%3A%2F%2Fapi.soundcloud.com%2Fplaylists%2F5832582\"></iframe>',1,2);
/*!40000 ALTER TABLE `HTML_BLOCK` ENABLE KEYS */;
UNLOCK TABLES;

--
-- Table structure for table `IMAGE`
--

DROP TABLE IF EXISTS `IMAGE`;
/*!40101 SET @saved_cs_client     = @@character_set_client */;
/*!40101 SET character_set_client = utf8 */;
CREATE TABLE `IMAGE` (
  `ID` int(11) NOT NULL AUTO_INCREMENT,
  `STUDENT_ID` int(11) NOT NULL,
  `NAAM` varchar(254) NOT NULL,
  `FILE_NAME` varchar(254) NOT NULL,
  `IMAGE` mediumblob NOT NULL,
  PRIMARY KEY (`ID`)
) ENGINE=InnoDB AUTO_INCREMENT=5 DEFAULT CHARSET=latin1;
/*!40101 SET character_set_client = @saved_cs_client */;

--
-- Dumping data for table `IMAGE`
--

LOCK TABLES `IMAGE` WRITE;
/*!40000 ALTER TABLE `IMAGE` DISABLE KEYS */;
INSERT INTO `IMAGE` VALUES (1,1,'avatar','Unknown.jpeg','\0JFIF\0\0\0\0\0\0\0C\0		\n\n	\r\r\r \"\" $(4,$&1\'-=-157:::#+?D?8C49:7\0C\n\n\n\r\r\Z\Z7%%77777777777777777777777777777777777777777777777777\0\0\"\0\0\0\0\0\0\0\0\0\0\0\0\0\0\0\0Q\0\0	\r\0\0\0\0!1AQa\"2Bq#RbSUr$3CV%&456DWcu\0\0\0\0\0\0\0\0\0\0\0\0\0\0\0\0\0\0\0\0\0\0\0\0\0\0\0\0\0\0\0\0\0\0\0\0\0?\0Q P%BD@DDD@DD[WOCI5]d#΃Z:W:̿t\\T<4յZƹ֠៍vO\'9cq\rcGߢz|WOŬ>[p}|;6UiilZKm$Md>#vI^d)-ܤQ\'{1%޺\nplNG:Ύ7림_pѭJkmSLh8.\Z5J\Z\Zy)^Sk^K7ल[>4\\h*ˡ;:{	4Ք (R/sXִlt\0AA-;k}@/Ǳ\0cq5	l7;HOK\r*ngI)|赴\r53com\04~>lȲ3,fu\\(..䂱]\0-Әz-igk/8$֊gUCUȌmᜎxyN^45*Y8M_OSJ\r6  +Z\" \"\"\" \"\"=+aNMurGट95}Ϳ%,Ov&b}ި-3\'g~l$dmzPXmv0q]$PLn$xso~-wKۥ֊k	O\nR÷5viq#ʯqk*Q;eP-aޛ\'c/e\"]53\0r%=)\'80\\xemJΎ\'WVln112Z}YHm/ݧ׽yf:?7q]J%Feh-\'[ LFC/W8\0Wk0l9w^lk xM\rx>kŦٓ{E\'%k\r2Ϥ\0\0̂ì0JJdiq{h 5 5Vn$b 11.r{\0\\\0\'k5pcWXIy3US\"r%Պid씘Br1:Mtkۡ˿wGoH>][ƎA5uʢ:jXFC޺ Jpo#b]dsS$|ۋ51ջugM/xD!is\0vk;N~xl\'re3&7B	nȏ7ԭV8gCSnlձs:77%8yYB%W\\R/}_^#,x)4nAX;WULSJe|h9˔u2rҊ6Cta{bs\\}v(ր$-o[oQp&({{p W5~U3㒢 ۝c[%I=\Zcɾ>gegmx;_Srsu-[լe%[SC?u?ؽL$T_JU`ϐ5\0er?%P;~ay,pH\Zp>\0RB\r;G|<ߙqsrCq8\r8_vEP_ySgry=Z}\nIU|՗QLW5w7UiD5SVd<8]Fad!\'\\$g?]d7H˅1%|d\Z=Wc9mH>kG!xv~Gy<eX_l9\0XPA\"\" \"\"\" (R\"vʮ8ۤv@.tCu9$\\Y$)a9˨n掄3Ͽef8&{iq F</Wr@ه#%?ݟP6MJL+\";ih!;.?5xNWWi.cju!>އR\'<:y*Z蠙KI<JCe6Ix;&&މ=\\ZdQGm&5\0ִh\0<\0_AUKe<p<Hu^U%a)mU)ϳwwRj(&ue,@y[YNu+dVb,>qƻOgzU<׉ծk%}Bv6DF͏	eJ6ct$vM5ŸRc%7 ${\"\\{^=?oGbd79Ťq[bJn͟ݻwA*\" \"\"\" \"\"*J\" ǩ0whcH\0J[\n˸c}\rMnثѲ+-\r5o,e(=Ə\nW=E+17ϡtOeA\\iШ&{Kym} D@DD/q\n_en-_gWW$rك\\\0>.ֻ[/,l@oZT2Z\'_jP=㕒~+kX5\\e;\0U7&RJi`=dwfz	*\'fad.> r8~p\r(5D@DDD@DPT)Px3\ZױabUQ\\A\Z8k\Zc|CרVIE]C5-(P9HAe_-WYQO(U_>coWM\rD.pRG]q2YoSɣ$6\Z(4Z;m+PRӴg1gCdLW\0Ed$qMIpakcGRKK\r]#-NIcAǣ jߖKg\0>KҶ]mh5&;Ϧ5Aa\rk*\Z[G#K1\0{٨츝:XOACN\Z=\\ԞntVz	kU1R6$vB8bfdZrW\0jygyێ(۳tY\\]H,Si1=	\0pisk\ZZH284\Z4\0^f*mSѾI sZ|vGw{(\nČƺUCj%LUccI.v}vj${Z?%Dڼ!H9<imq;R4z~\rUXp%nHP~<SA1&1\Z\rh\Zr \"\"\" (Ruj\'VWRӸ*F;V;Bo:a_*&D* 8	$Ar^(?i.\0QfSOems騙#.i_|\rwW^Tr:i]4cd԰4\0:sTZc墷F4CVlJ-=LDkd`+1~QG}R=Ķ999c$s}~ג,`Z!X.ѶFwo\\${[aL[⟒O٪1-߇O$\'Rܮj˥U&Bֱi޺GcN紎u)ooK7\\;X\r7Ck[4\\`P;L|2#X<\\tOACq;ꎫsn*RnE[s8n\ZX9X~<nꬰ\\E)Ym\rIDF/6L*^Y:,r?;\\*!^}HmUe%^]Y,]\\ish7]G/SUITpdc,@Gn~]UjdUksG6?\'KT4u8\ZO,̿ho^-6ɿ!*Uw:9*5AwnL~֛=C@=G*#~2ZVⁱmc8k@	ݯ!&#m4,tkƁG8$\rxm?.xjz;O\n8瞞|<W7mYEM8[IV39Jy}stѿ6L}hj\rNYM- B<L\'*2I(MoFZu6:me6| lǲk3S=+=ñ[e]L4tUUHؠI$yk@\'*;8_{/\r]:?@\\}3> %7-%%TܲNC;sCuz3,j%4-u^<Z#cf^,2ntcNH։>+@Aq>&_8؃\ZDa\\g4G\0ؖCiA\\e~(i#^Xgk\nOPo7?\n\nWm;_m\0=]x~륧,ǅj\r٢|r۹7ӾVZ,CݠFބ~%l+!4|G+y\\GlHAe|#ݥ5ih\">MS:Y_ul:S\'{䧩-Wss	5+ׯҾ*ykEE[*id/\Z\Zj`K()VC}JԸG`)ᫌSRTmkm\'lmu%!;##c#k\\H\nӤ\n7\"cZi>ƚ2PzkG:AAҪ[A~qs_V\0{и&Mx3-8/-=f~\'ѧ.	nWÔhL5lrzr5zr))06?9)~à K}ċc{(э^O\Z{\"k}m=ƆA%=Dm76W}\\~c!sp<oVό+1H魲 ym8Ag3*$C3Fk*\'2ymr͢v	/wBO??Zd\0A*\0\\_\0*GOMٟU^<ZnH rIPsp$}f8\'jW7r:^y:wϗ7`FVϮp4Ndq=Zb--#{z?Zd\0A,w,NweSGk\0#SiRSSV,5-oѣ;no1\ri+KuV-D~ݬh4;dtyh--BrXc57#:7r7iEN,w7d,\r!w#؏(K-:]\nsA=4:vv6;z5eك*D`d\r=skel&po+(}b؛#8<lNaL\0\0h^U A7=ڎW9v+̩/ؓㆣ:q頭:&gm\ZЯKPG ͢>]Pn/}jFh}/?/`Ciۭ,MbFѳ0{^AUw^O>P}@5oaN,!D|1̜ݿ=Öj\0=v߭+Q%SfV{\r:\Z\" \"\"\" \"\"\" \"\"(R7cpTX^sA`ۣk\07}9_\'i0&);-(㨬1{HØAp#`נv-\rmu<2FԐw_zA`nFPZ@ZyOPtY2]˽Yd=TN^C\0w)\Z:>סAEf/pu]4m&:Zc)cERSHƱЍiЏK7|Qh椳7x<r>tB\'%d\\^{KO{{UC(:NZO^]Oñeˋ癦Aj0Ffq.<lA)PQB%)P'),(2,2,'avatar','images.jpeg','\0JFIF\0\0\0\0\0\0\0\0	&/\"; $*)-88 750*5(,,)	\n\n\r\r)))))))))))))))))))))))))))))))))))))))))))))))))))\0\0\0d\"\0\0\0\0\0\0\0\0\0\0\0\0\0\0\0\07\0\0\0\0\0\0!1\"AQ2aBqR#3br5\0\0\0\0\0\0\0\0\0\0\0\0\0\0\0\0\0\0\0\0\0\0\0\0\0\0\0\0\0\0\0\0\0\0\0\0\0?\0iJP)JP+ʉ;N+:=A=J/ae+FJvd\'7Gb>ՄV]ͣ^;\rkssySHԟ|Ĝdd= T((((>QW܅TA؅TEb}?x2F|4ɹ\0Q5Q{G:ƣq픈qrGh6D߲IHہ%RB\0(q3|s-AFf\Zd`89Gjiֲ%BO?kx\0%wM~@#?횂]t5I:F\nO^F,ht((((32MJ3r3C\"r\'~j+{3ۼLb<*&\0YE&\'@Ad>\r~<-vpA^Aܙ.R ʱFtgRX2}~8:W80A5A\njC[na$n\"3pČ?\0U{v[eڏ)μ\"_KpAgmbPJ܃o!*;\ns0DiG*o y{v*.9\rƗ*.lZwg>=弽?c2Eȅ7оϩFTrrCo?6ZR\nR\nR\nR\rU=Vs\"\01#I\0Sw<ciLyY0f}6\'m~1\00y╮oVcf2FPBg|ߪa,D@Ǥ\0ӓ\0$+\"GsЏs5b8e6|䑞eWBm]KG.xG݅lȭŵG\'(deᣁ\0\\\\Gi7?uRIe%ry(lgW$4kC++Ak)<v6P>֒2dLIdCB;%!G)Y}W\nKx+dA#JRJRJRUXrT&2?|wVz[͔GG޴V<m(npo~Df2-$l\\Rɹw\08-hJmBGP$`W\n;{nc¹@`0B?KY.8B~I9osTO(綶IVb#+U\0{e&idRB`xHAu^oc$6.AW\ny;\Zϙa-A6?/#z_\\,zI!o2gcU-\ZINp@,l0X vtR2vit\n2i%BIAz)@)@)@_~w+l0\rVUEZ~}qWj9vZGԄmFp\ZNg3xЖ\Z|C3SPU}؟Pck餌ă^{W-/u;&ܴdHX򪱐1\0o\rtq=܈GeC8|gasc/h/muyFEP##2D8\',<1⫞kiYzTw2yndڣـ°;q^rJ0t*ȅw)H*\ZKVQHV$0<V	:*AApF+:\\n\"9b1?CR\nR\nR\n\0]mLڱ|,fb\0rȅ{,^T{^{Z8@&Ip;rI\nv%vޕ>UA`aσQmWl$qsǿjţ@u+C涏\\!?y3#\0.w\'<P]mt\Z2ye`be$>)l3L2\' *%ld}GhSq]=#,\\Fŏ;ܣ=o ]}LwA =H躔w6nI2~ǑYwVcir>heitqЪcؠ}4*L\0?$Ƅ\0MOL:[bYKHr+?R\nR\nRW3ѝT?\0Iŷә]̲lOױzI#I vF\ns92OgW;FHs%פ\Z}a≓eQ#8Ȇ\0`w`~uoLF426@sP+u\rC5V>ǚ3>q>#/vbQ_G= 9lXI8-\"+r98V#NN\0!.L}kJ? ULRb@XP\0?z8u8K+*OFyW8QOhZ=ȚEPhmb࿴9q{TQx$\n2\'@\'5#AWRJRJR\\JҔR]'),(3,3,'avatar','images-1.jpeg','\0JFIF\0\0\0\0\0\0\0\0	( \Z%\"1!%*+2..\"383,7(-.+\n\n\n\r\r7+,++,+++,,++++7,+++++++++++++,++++++++++++++++++++\0\0\"\0\0\0\0\0\0\0\0\0\0\0\0\0\0\0N\0\n\0\0\0\0!1A\"QaqB#2RU3TbrSct%5C\0\0\0\0\0\0\0\0\0\0\0\0\0\0\0\0\0\0\0\0\0\0\0\0\0\0\0\0\0\0\0\0\0\0\0\0?\0\"\" \"\"\" \"\"\" \"\"\" \"\"\" \"\"\" \"\"\" \"\"\" \"\".)*[o.抑t1@U#KCc܂]MNK}XîSnb@DDD@DDD@DDD@DDD@DXݢbooa6@h:Sd<Z5{Z޾\'BУ1sNH~k~+\r:(q_ٹ1i~czXN]cͿDuǘPJ}Q笞C̹}Wid~(k[\'{\0e59VO5U$!Q,NCב]ݢV0sC%M;\'5}O⺯RUJ!)9>OEwv[i1j]MEXⴖ.-=oaQi;Zz&kM..C	\0H<-x1HU,aj\Z5-sMs%\rwfG_ms~DDD@DDD@DDD@DD-i8%E<z;6߰=j)I<Jc-iȣ\rhk@h\0\0 DAVPa(ϾF6fa~EH[9VEÚA=ʍTqblp\r<f1Jcokplp1LVSCFa#3H3e\0󰿻\\6͗/?Fc/˜=&S˽g{t緭tra«&J^ÙhsOxp>V\Z>N~t^ȞZ?\Z$D@DDD@DDD@E]`3T+ofhS`.[I27?nAch.PQTT\0p߂lA?5WFbr$hł[\0 	j6 Evg؇o֭ޞƂFیWO;櫸׋O,Ynp3C7O}]}j&?たWbq.\'ҳ=D\Z<\0}ϫuw\0akkc8[;ShX0Ő9g?۔x!qL2gW:4}hQwS\n,6Ѫ\"G<<0pn8>7KZG;zp$x8si6^J]\niA#rs\r: )뷆HzPgnMWF@ \"\"\" \"\"\" oFAP$` 9u_!mlӧ@/*=mC\n5 st.ϗ̑`{+LE0zG3~\'\0ts\0p9e[L`q|\0,AGU\04k>GgΑI.wڮ4@DDDADܝMu\0.^ڇ4Ďk\\<&Q\n6 4 pA6T\r|FxSx\0r\" \"\"\" .9T`Q8dxc]]+%5s\ZI<`:辯ܲ4FK[ɡG\"碤yYM$k;a;A%#_H_(i`;fF湷ָhߙADl\0\\|5T0|\n_Q%sv\"iVƚ**G;YCKAvwtDI7UɆ14Zy) _Ʒ-K,>ܰp xUD%!.a!\0˥GG#S*>K4[\'\r~\rGz|!KO#F9 \0Q!#G^+fr@.^Jɷ[Ep|d]رչ۫=\\.ٺ\Z*\\>)Fw=InDe9YnU<Έ}3E.6贴j6*9sZеEWw&	]phf#؂\" \"\"orJ[\\ˎxkkx\"{xɎl=u-Ydڴ/c{.VZ\"5X*WC+}F17cPQ[pˉ^/{yű%	\0PyH#$3G8-?=\\N\'|z_w-G,8S8<I<8w-t+\\5y4]}DD#s9^Xv\'й̔Õv(\ndе{֐y4sH%|0A^4[]wNHak9n\0)5HWP?S8R~kk[=OQ\rvAs`;WjJ6aX:ĸ(嗗wcJ[Ix#G+kXMŃx㑚6He:<ƈ ;2؝%-s09Ϸ5ø{b$hhɹc;z;\n\nfScoRr;[9;&7Km>|0tsOXϳ[Sm4C\\=\npr\"X쿕GFpGx=P~h	╂ΉBISj^9I%c(=Rϛ؛j ng \0V	w066I=;6Xj<=fl};X;Gܥb{HOA/idqt\Ze96i&[a^i~C}]&\\ΰ3JYE33vg͗\'/MfSaPf{efyɣz~+&\ZBr,eoVk*Xa9jőܬ\"\" \"\"\" \"\"\" .}lTYأ`\0Įw8sQ9ڪF:,>\\=a{ۑ6n!FSƖR42\0i$S}\0+bc6Ua&δNyh!#0k<oTO{f70ngIMu haZ	#FFenVan}|PhM\rTp:7|o?v?0	ao(<Mk35lR\0M}Ĥ\Z95(vR}Ax ŷz8AB[P<G$mn!@Ne{V:&vpe9s-OAQrnװ^}g0Aj#f8Mtﲰnok\Zqhfht6\" ǲ@:5oX|rڸd6h7xa퇐9Yenf#Y4S־9Ïwn9@{I\".۩+XZ4qv{\Zr8}60zA@DDD@DDD@DDDAڨeytN\r-ArB,ٛ+#N[/!Tgz0%C7d\rx$<XA::@ܭi$t\nl^ϋzMM4D!v3\\CA`>Z.}meM* I#YFnx#`-p,J0GSk3#ri${KiqS\rħsxӃFcgɷ<\r\0J6wZη+ēe,+m1=vsisUlMU6j|¤49(`\0W4 l}k aIKOqkNVh@[콻|r$|Fs/i_n_CT/93w=J^1<\\_r8]ŧG1vcE\0@hFw4t8!	X4hM{\08jk\\2\'@NA$`\04_$zk\0uA;`=4/+gf_Ui[ؘȋS Y\Zn/~	ԋO2u@7TD@DDD@DDD@DDJ>Ӧy8|̯ɛ5\r^P]\0NČo0T8Q͏O`ޡXl)\0	\'uoJ/_\0{%ff*!1Q>ŏڜny~mPz#\\/`Pݛ.f\"+ W\01?7\0Tzv#>eww5t9:Zþ\Z+ ɲ{<K&̚G\0<ɧ~ٜxyJ\"*H..\'M|&/m݅\0h9H<ǪMq	vSAI\'uYXc{V$Hi#=+mq0۪MtQf{ؚ䌡krM }>o|J5iz @-o^g=tuAx&MSQ*r\" \"\"\" \"\"\" \"\"nzV>&1f@Ml=F\rkj*垥Y s{sFO}0^z[QAQ-Ds9m\ZKgh1Z\"sdJK+v?QُN]=ΰ9CXmQ}؝*̯3DKcH=^{s~kULNS8mV5.k!YOk.fqu߬i?;-\'ntLk#~4u@\0`\0%zfFL	p-sK EK߬i?;-\'vK$q>)>Y7vs=:[#[$x!͗!n)nX]s.	<06!\0El\rMU[9l1f@In9F|܂_J;T]$/s-.$=P\0h\nmLg@\Zl\06:|ߴU%y|xŝu൰ޮ{qs!׹\Z(i*q	ȍ9܄qvkWhe.Id\'-F6/uK6\0^alN7#W}d7PAv1kn^	nuPg(30%}D	h\Z2l. 4Ogvoшm4o_gUv/}%2Z\\~AF5T\\ҞRMN\Zn+GR4t=َaN\ZUփfkʮo3ThLx#408#Iԍ\0g[M(Gv6kTE/﷈p.MY͔n%ֹ%\\\\[vS>*/%+Ğ<3`;/?kiP]^;/o}E 7oPǴsaiYa9Z]a}<W* evHM<&w?:O\0~O8\0%D\0?W|I?ApR\"620McCA=~z*v3浭\0%ʈ?'),(4,4,'avatar','Unknown-1.jpeg','\0JFIF\0\0\0\0\0\0\0\0	\Z\Z(#\Z /\"$\'),,815066&-,,	\n\n\r\Z,$,,,,,,,,,,,,,,,,,,,,,,,,,,,,)),,,,,,,,,,,,,,,,,,,,\0\0\"\0\0\0\0\0\0\0\0\0\0\0\0\0\0\0I\0	\0\0\0!1\"AQa#2q3B$Rb4CScs5r%T\0\0\0\0\0\0\0\0\0\0\0\0\0\0\0\0\0\0\0\0\0\0\0\0\0\0\0\0\0!1A\0\0\0?\04((((((((FuMo@@>~G8$g)J)J)J)J)J)J)J)J)_A\rq֚lgkZpf@|ZKEl\0	PHҔT,}afn6ӻr\08⦫K{eKQY\Z	T`;xc/Rp(.-mN5Ӵ7PMٖ?0ʿnHo/άI_d9\n-ϻ9_C8߈\nhRs$arKv7%#DrͽC䜜~u7\\K%ҮVhxVŰ#v*ܡY\nR\nR\nR\nR\nR\nVoE|wS?3Y-5eD`>4RImf)=e=ȿ?*\\Ia.nBN`30>?^n[vЩ0[rqϽZzs`[Y1\0.8JÝ!Fs,	7yF\r+M*QG^lT>G֤I>xόԟJu7ek{NĿOU?Inm cOǨe[T[h]b[cxHF#E$/yHmns(\0ܤu^*n b*dEr=Aʴ\0o{bZ).ז\".>s1,-BvȪĮv<Tv6\n#BoHp>Q_m׮衴nO+|1h-YF)9\n9r@BUszKK^0w+OyhאN\rX)J)J)J)JQYM*MKur\0&¢g{{\"TC>tq喇>uX\'Ii?t&NiX%xeJʑ8f݇9b+}jJSJ3X4rBxn>uP~]E\Zlˎ\\1U۷c`-_Eq\ZyV b0E(ݥUƙZ}|J$;J	\0՗	xEByd0T*TVZP;0y8\'+,=mf(Gl|\"\Zՠ/5o?\\2HϰZo[]exԌPy#Yc>|㚰D|\'[uo8\nIv>uKKԗW0g_8m޷>k_GYvk$xPn\'C;`Oy%P@\n\0\0\0\0MI[Zx՞i?{<,}*j)\0,Zkn!Qh3[x[0A\0kb$/dGFJ-YSL,ГTXJT\nR\nR\nR\n/S\0ˏ8? _*Y?ﭿݘ\Z)J)JcJ:)~߽b1ay-Qn\r%˜psR7|PF|79<e<ZRJRJRU_EOxa9\n蠱m7U8\0^>?EC@ 61,1?#R HR>98`s/s	,ȋ8%r6=0ZCS*%)7(`ךܥ*)J)JV>!h\\n;?&\\qVzPEtPG{k|	ÇCV~+T;\ZM\0u71	 r~)^]\0xSqYsLOIOuIó+%s_8AS#u~L\r4(+vg%v\0|Uj\Zkg=\r;ڶ%6,D\"3~\'U1[1utVdT>l乻O䄍ʬÆPc;6v> $0ZcMACui `\nnp?L8VB.mMcs*Y=$wF	$Fq&\0(os<%$8\0dK.cH$X\'hY{\0oU%]\nNsv]7l*:*J>!o`Kebchl(HTe]a؂,{rĥf\rı&I䐈OT`YYQfc\0I*.Y\"{2Dy\r<ub\'UK,OggnoӸT9(H?dg-)._WR\"ca\0Y =ȫGsm)]N7SA*{P\"ߋ-BrC˼4hmİʱ(\'؍۳ގۺB{Y]-l( !qB)5q;|w,e\'.~L{m1.}X}t4$Wc!1udhD3zqET_zJRau49]Y,Ww$M֖Eop\\)sb}XrMnT)@)@)AipNme>#jڄ\\9hܱ#S2/1֮sC<k$l0 \0 Gs.\ZIӢWe]*w+cHsϽo<LaBMh} BizAd6\'_&op	kpm2A\0tl\n03[W-8ڸ1$x>zWn<gzxtp,bF)5OڨҬ]Wj6qOk-bl-:+A(=S_iP\"2/fA$.+*w\0FT߸]gFTD# \0rc#qKZ%1K)rIfڹ\0	m[;;wn}m4{\0c9=uoĖʭ#2H4Sf+Z RN،DXmxX5f!2$!Y2p0A)zz3.-n\"f8\"=YFpB8<~GosIy\"-.IMpYo!XxM 0\\`<H؀(l\0yb5=	B3E]k82,h=ϒr[Ӯu9#Fh#x\0pD^Ǔ2[kW2>uh>W%UN\0ɭ_.\"/\'Ty,}MkRB6cjI $3ǥpO8!c=ҭ-iBwc&HAqY~\"	]g )Џ,`Ɍm\0RLyfm2Ih!-dF]h/C=g*$qs*U 8ВooaifB(\\nU?឵$[紕v`R2!#²((W\0nM=W\'*3rv6]rAMi3J+l]\0Qh,Ԫ\rZ(BY@E.mS-4H\ZY&eݙd9v%cے5eFuڤN1\'>uU9\0hݵٶXXKݻ=|mE\Z;J2dsH <nIckhēr#3!\nxTv/Z1h$h}V}(1O\'ȩ]J2!r;ǺCs+УCna4C%0#A;\\0p*FPyPc>Tp7UsF\0}{}9WL,Ѧ7\nH\0C*]sW_.LN^\"$)u\Z΄L|~uj{ˈS$\ZUNqW</!B3t48v%p)c%ӭ1ksR{HïW\0ģ~Ԯ\nɦÎôf_dF1=YʌZI55)#fnYpX_,[\ny$XD,XTy5zv8oC,ss\\Xկ#§~Vnc-S$EAm]RUdݍ\0Ҷ72Zgkͮ=q4WSBe@nąv=dr(me\r:	{mE\Zgv\0[sђVn\n-1OHcDIX$P;ʺʤ򀮧prH5cY4^uE˳ vt#@O-\'v8e] 1\0v6OmR]N\"0DҦ1( aJc2N>(FhŠ9ϟ炙d!iAA3#D>t}JRJU{\rze%X_ /##	-sYKO5ǒ|*3EP\'j pV8M䪶	;Xm\06ApL[\n[[$F|D+^礿]Qj.p44r.w]m$,v_\0g\rIi{o۽jbAfZ֝}#H :{l~޶*iUangR}.<QU;,FT<b@y$)\0,p݅i3Ekjm1I4wdAǏڟUh׈r̈́<lTJ\0p5:Q+5ue F>|բtAo2i-GS*3w\03juz[}mvyAԭ$۔os@W]YG2$3	l&Y#WHرÁ\' 7.1Pw3m;-n..gkr7o8\"Go9F}.5PڍeXZ&BI0^\'J%L-ʳ6wJ3\"E2Tye`@Ǣfy$,N\"̌\n\"#7ANpT\n[$tWΣb@,}oa)IJ\ȓdŋ#I%FMtzpmKᖱn,jm1p8\0|V^;>!gɉ!W$+7* e$Ϩo\n{@uWHExncHЏħSUҟ-L@ioXkv#]2¬|\nq69rN3\\47;c,f;,#@HpZmtTB\n:}srL0 FRJ~h-\rpBfŹxlʫM@3֓[EqeoaB+9m+xI;F\rqRF7+q\Zl<85RxUbx\0y,jQϾ+ALEb;n\\QO߇u \nZe`\0wJ)\\pq9>m-XO\";2h9.MBE8b2HDPr|V)P)JP)JP*\0[x$Ixb]9Uuﵶm\Z$Enڊ,)$:\n-Um6a}g\\oeXceeeb1GM-n\\Gʟidp&Efs.=կg\nh2yA\0:mkJ/tx8L29`*#}EhTzNM0XWlsw#h׵j/D(l%uiRY.w $i`7QA$cYu,W\ZOmm,nF;FԛK	fGdlDsN93}4%n۲՜\rȠmih \\yjեeN6bD-Y*9\Z\0\0\0\0\0\0*\"D`6B/o09;ԣ8[<}yXxpdADM\r&-f舭!F#hRTrS+Hnײa2dIߍI Mе2]A7kV6>TT@hK.Y˶ƅYC#*H@$7\0ÝԬ#X]eYHe#֮gQd=V`]YKmN̲8Khb61F/#vlk=ssMtSX6B\")wrp\"k=|JebN;Jc\\|lpZLmU!wrD|Z[7t\\-v#d$[G;s\0 ;pR7WH%&dtVdm-n Bw1%U[dr\rl̘(J}KWSĚmaU\"ӌ*c\0{bxmRE,hKƈ\0{G88$aF-[%h]*J	/PV@~%&/-7bg].L6&\'JuNtX\'߳L#p\0Ab\\wnlRIyykiq\\I4C1F 8i=G#H&:FQ@UU\0\0\0)JRJRJRZ1ian^X\"cP#[ԠΛw.`%J	EQIqgTQ@<p[>j?@=s4cqY/,в}@t#<~Ej?:2*ڮYYw3;LW=.=b⁠ڢJI40\rlV`cע^mh԰8\rW;וhž*>@1΢߼?Í<UGRw+#e`UR=zhmHv\nb!`PG\n#m9ŝhlXLe\Z&%&vf	܌F288jŠQw}]	;IV3yqwep-gq	\ZmW\"G!.MqƉqn8d\n8Pm#5=+]\rJ#ImmUHP\'ɴ\0[hU8v~&_%ָfNK:d:k6ycHv;N˸pPr2\0֫֝_;Iy-rb,1rTrxAb=Z\\Bd`he4P NrO$VU-->#HcTgv`~m~%xvm	!ڃ\'DAg[hǜ	8LeLH+wU*.#E B?+)$8<RcqBDiX<mXrXE=GM;7@q\r^D{id?SlѯP\'|}jwT3OBMolgw2ƞ*AIcZ\\^,SDteYWrRIw{7M	D̬g8Kr	TJ/8m%eorq.IϷO+;u\0pJrU\'Y:CPpDe{_|ֿR|:ӯ>,aJ&.%xn2*NK$17k\'9@)@)@)AQ	m&䃂=I?BF?Zh5RhЏV\\[o\0|g#b@9UsTĶ0Ri{Y`K(y/krؓ+YsRWi	3Zzėd\ZfX`BC9WرU!۾6iyĖ\\!?\0\08<oj{\'wp>Ԇ,sٹCdOIn=r~UgOWW0\\\rWO](so`q?	>9ְtS[@\'ëpQ0\0qPA@fu[cBp`BFL\0`c198\'Z NӬٞ8ن\0IǺ\n}.AelfA夑DP9<qPQ;]B{ZYK9 u>\0\'&\'Fiײxޅ=pYYZE/l\0+^\rO$%Dm>Zӽؕ1p9̆\0zjF بrAjrFBl_p	FԫElwpHEs펪kI[;)Ln\ne,np3\"G `h[B\r4H2ʊ&ɝ>ĺ,N֌)\\ᗰ\0S\0V=;BClXƏ`db>x89߆FnQyޔ+ܑ9a	Do~xU-eDpW\0 &C);CGl#YD七TP-Eu,HU$%\0n076k_l\'<{w<¥.ڌ%c5q778Y/kx?ZvtH_ 64gecH1W$a0[AM\nR\nR\nR&2> \Z+fbpwۃ&VKn6~rjc\0̤CW}V]@9FWmv#D{ERt[U>6t̐KY@ql Nei% A> |K9<˧X>KZlcyD?^e&2c̠8eϏU{ۡpvj]h4Hf$#v3y5ҾFf\'埴>uAtZB]N9ft\0Q[\\;~-~&x8$jJ?\Zt襣El#V(	vx?CPӯ%Es21Ur%AҨ{L\0JHI`9g9.?lTy.du)~\0I\0|;SG79%Dr5\'	*X]-ݎRȝ@hOu\"Ǔ!m!A;)D¯܁\"3U@jQJۖ{akssQH#Iad\">cV_X{z`7b8n;9j3W|T@[tխәn\ZB1PXb~i[`T$}dev~-\n)`YELx(H\'r\0GOv#GGぼ`1^@WK⸍?h.EYiZg\'e\n\nr0þfv$r:b	ȊL2\"H<8doo:@v@\\.cupRVX(4iX1Ocǰ |kOIrbip$W,c9ۏQ|WFNH*bx\0OQZ;1^C݌:̏uQaJUGỴxWj\\<`7ojEo<8URRR\Z5\rw\0WJt[>/K܃ǹ]\Z0Hة{\'rNalco2Xf~V}6@C*#d\rBG<p1͵jl<C;g_E|\0UX ׌\Z1|3+ӓuon+ʊF]xf`GV0y\0\"\0?+O\0c\0?h)mz+^$\'WjQFI9G(k:q@;\0a׺J+uR!0b\Zm`B\r9QT>M,*aRƑs7\rl^KX0%Y6$q7r| 6_7xime(.;ɟ$T$~%p:\nK>vi{PeRS\0bL<Ȓ(\"LY7+TLfkzfOUi6/﷞KU3)/+UoK\n,pN%2<{5lԴ2v2#x^7>v|`kb(\0\0\0\0\0\0\0x(j=Om,/\\2H)0I\'>35]]LEQڹ,VdlpKA+T_Q7o(ᇥ⍇)~T}L\\\Z5QX^F{@<P?p3YY$Ks2O.#O1?r\r[[NJ`24;vl7d\0r>æėqV\0hG^E\n4Ɗ2*̚W]Sb-9Udir3r\\%	U\0fV%ʭÎҟ}F\0?\"}?m+5ˍGP@\0\0\0\0+)P)JP)JP)JP*?\0Ԉ_i|fΎuA2dp1j\'Fuq1V5mG!$vmR#0x* /UGMr+=R9/E3\ZGanv,4]JqH4Hxp7RW+\0~Xd-\\!F\ncr);Q9$qz+*\\|2ڡ?n\Z\'QFG||B9\'Qժ.SmmB\00o>6sci[\rC\\r6%~n9Pz+m\\Ư-ېI\n:IP#u>7`j	%겱vs895t\0$$\0E&as֮λg9W$Eqǎ\Ze0>QI$#FJy*^WHrY\",qT[ǥC#/^:ģ\"fQ+|*nǠ4ȜHòcA(<ATr=g]-KV#i`p7	,6bާc6x_Mg,G41oP1\nڴ(#?W?8?AhAx{@fGیgZۻS&n}\Z8Ԯnh\r/td{5s[Ɏ1>х܊p28ʳ[ZG\Z*(B\0Z5)J)J)J)J)J)J)J)J)J)J)J)J)J)J)J)J)J)J)J)J)J)J)J)J)J)J)J)J)J');
/*!40000 ALTER TABLE `IMAGE` ENABLE KEYS */;
UNLOCK TABLES;

--
-- Table structure for table `INSTRUMENT`
--

DROP TABLE IF EXISTS `INSTRUMENT`;
/*!40101 SET @saved_cs_client     = @@character_set_client */;
/*!40101 SET character_set_client = utf8 */;
CREATE TABLE `INSTRUMENT` (
  `STUDENT_ID` int(11) NOT NULL,
  `INSTRUMENT` varchar(254) NOT NULL
) ENGINE=InnoDB DEFAULT CHARSET=latin1;
/*!40101 SET character_set_client = @saved_cs_client */;

--
-- Dumping data for table `INSTRUMENT`
--

LOCK TABLES `INSTRUMENT` WRITE;
/*!40000 ALTER TABLE `INSTRUMENT` DISABLE KEYS */;
INSERT INTO `INSTRUMENT` VALUES (1,'zang'),(1,'gitaar'),(2,'bas'),(3,'drum'),(4,'gitaar'),(4,'toetsen');
/*!40000 ALTER TABLE `INSTRUMENT` ENABLE KEYS */;
UNLOCK TABLES;

--
-- Table structure for table `STUDENT`
--

DROP TABLE IF EXISTS `STUDENT`;
/*!40101 SET @saved_cs_client     = @@character_set_client */;
/*!40101 SET character_set_client = utf8 */;
CREATE TABLE `STUDENT` (
  `ID` int(11) NOT NULL AUTO_INCREMENT,
  `NAAM` varchar(254) NOT NULL,
  `EMAIL` varchar(254) NOT NULL,
  `PASSWORD` varchar(254) NOT NULL,
  `WOONPLAATS` varchar(254) NOT NULL,
  `TELEFOON` varchar(254) NOT NULL,
  `URL` varchar(254) NOT NULL,
  `OPLEIDING` varchar(254) NOT NULL,
  PRIMARY KEY (`ID`)
) ENGINE=InnoDB AUTO_INCREMENT=5 DEFAULT CHARSET=latin1;
/*!40101 SET character_set_client = @saved_cs_client */;

--
-- Dumping data for table `STUDENT`
--

LOCK TABLES `STUDENT` WRITE;
/*!40000 ALTER TABLE `STUDENT` DISABLE KEYS */;
INSERT INTO `STUDENT` VALUES (1,'piet jansen','piet@jansen.nl','piet123','amsterdam','0201234567','','conservatorium amsterdam'),(2,'karel hensen','karl@hans.nl','karl1','haarlem','0302345678','','inholland haarlem'),(3,'kees jansen','kees@gmail.com','k33s1','groningen','0704567890','','minerva'),(4,'ron oud','r.oud@hotmail.com','ronoud','tilburg','0135432178','','rock academie');
/*!40000 ALTER TABLE `STUDENT` ENABLE KEYS */;
UNLOCK TABLES;
/*!40103 SET TIME_ZONE=@OLD_TIME_ZONE */;

/*!40101 SET SQL_MODE=@OLD_SQL_MODE */;
/*!40014 SET FOREIGN_KEY_CHECKS=@OLD_FOREIGN_KEY_CHECKS */;
/*!40014 SET UNIQUE_CHECKS=@OLD_UNIQUE_CHECKS */;
/*!40101 SET CHARACTER_SET_CLIENT=@OLD_CHARACTER_SET_CLIENT */;
/*!40101 SET CHARACTER_SET_RESULTS=@OLD_CHARACTER_SET_RESULTS */;
/*!40101 SET COLLATION_CONNECTION=@OLD_COLLATION_CONNECTION */;
/*!40111 SET SQL_NOTES=@OLD_SQL_NOTES */;

-- Dump completed on 2013-08-05 22:12:16
